figure_id,strain,display_name,group,target_mic_operational_label,target_length,guidance_method,row_index,predicted_mic_umol,log2_predicted_mic,source_cache_id
ApexOracle_main_Fig3a,BAA-3170,E. coli AR-0349,Guided,1,368,noise,0,0.2734375,-1.870717049,baa3170_guided_scoring_cache
ApexOracle_main_Fig3a,BAA-3170,E. coli AR-0349,Guided,1,368,noise,1,47,5.554588795,baa3170_guided_scoring_cache
ApexOracle_main_Fig3a,BAA-3170,E. coli AR-0349,Guided,1,368,noise,2,364,8.50779438,baa3170_guided_scoring_cache
ApexOracle_main_Fig3a,BAA-3170,E. coli AR-0349,Guided,1,368,noise,3,21.25,4.409390926,baa3170_guided_scoring_cache
ApexOracle_main_Fig3a,BAA-3170,E. coli AR-0349,Guided,1,368,noise,4,274,8.098031998,baa3170_guided_scoring_cache
ApexOracle_main_Fig3a,BAA-3170,E. coli AR-0349,Guided,1,368,noise,5,143,7.159871101,baa3170_guided_scoring_cache
ApexOracle_main_Fig3a,BAA-3170,E. coli AR-0349,Guided,1,368,noise,6,111,6.794415951,baa3170_guided_scoring_cache
ApexOracle_main_Fig3a,BAA-3170,E. coli AR-0349,Guided,1,368,noise,7,74,6.209453583,baa3170_guided_scoring_cache
ApexOracle_main_Fig3a,BAA-3170,E. coli AR-0349,Guided,1,368,noise,8,16.75,4.066089153,baa3170_guided_scoring_cache
ApexOracle_main_Fig3a,BAA-3170,E. coli AR-0349,Guided,1,368,noise,9,221,7.787902355,baa3170_guided_scoring_cache
ApexOracle_main_Fig3a,BAA-3170,E. coli AR-0349,Guided,1,368,noise,10,416,8.700439453,baa3170_guided_scoring_cache
ApexOracle_main_Fig3a,BAA-3170,E. coli AR-0349,Guided,1,368,noise,11,184,7.523561954,baa3170_guided_scoring_cache
ApexOracle_main_Fig3a,BAA-3170,E. coli AR-0349,Guided,1,368,noise,12,5.625,2.491852999,baa3170_guided_scoring_cache
ApexOracle_main_Fig3a,BAA-3170,E. coli AR-0349,Guided,1,368,noise,13,250,7.965784073,baa3170_guided_scoring_cache
ApexOracle_main_Fig3a,BAA-3170,E. coli AR-0349,Guided,1,368,noise,14,392,8.614709854,baa3170_guided_scoring_cache
ApexOracle_main_Fig3a,BAA-3170,E. coli AR-0349,Guided,1,368,noise,15,122,6.930737495,baa3170_guided_scoring_cache
ApexOracle_main_Fig3a,BAA-3170,E. coli AR-0349,Guided,1,368,noise,16,16.625,4.055282593,baa3170_guided_scoring_cache
ApexOracle_main_Fig3a,BAA-3170,E. coli AR-0349,Guided,1,368,noise,17,6.40625,2.679480076,baa3170_guided_scoring_cache
ApexOracle_main_Fig3a,BAA-3170,E. coli AR-0349,Guided,1,368,noise,18,55.5,5.794415951,baa3170_guided_scoring_cache
ApexOracle_main_Fig3a,BAA-3170,E. coli AR-0349,Guided,1,368,noise,19,107.5,6.748192787,baa3170_guided_scoring_cache
ApexOracle_main_Fig3a,BAA-3170,E. coli AR-0349,Guided,1,368,noise,20,105.5,6.721099377,baa3170_guided_scoring_cache
ApexOracle_main_Fig3a,BAA-3170,E. coli AR-0349,Guided,1,368,noise,21,159,7.3128829,baa3170_guided_scoring_cache
ApexOracle_main_Fig3a,BAA-3170,E. coli AR-0349,Guided,1,368,noise,22,76,6.247927666,baa3170_guided_scoring_cache
ApexOracle_main_Fig3a,BAA-3170,E. coli AR-0349,Guided,1,368,noise,23,294,8.199672699,baa3170_guided_scoring_cache
ApexOracle_main_Fig3a,BAA-3170,E. coli AR-0349,Guided,1,368,noise,24,3.578125,1.839203835,baa3170_guided_scoring_cache
ApexOracle_main_Fig3a,BAA-3170,E. coli AR-0349,Guided,1,368,noise,25,104,6.70043993,baa3170_guided_scoring_cache
ApexOracle_main_Fig3a,BAA-3170,E. coli AR-0349,Guided,1,368,noise,26,1,0,baa3170_guided_scoring_cache
ApexOracle_main_Fig3a,BAA-3170,E. coli AR-0349,Guided,1,368,noise,27,61,5.930737495,baa3170_guided_scoring_cache
ApexOracle_main_Fig3a,BAA-3170,E. coli AR-0349,Guided,1,368,noise,28,31.375,4.971543789,baa3170_guided_scoring_cache
ApexOracle_main_Fig3a,BAA-3170,E. coli AR-0349,Guided,1,368,noise,29,24.875,4.636624813,baa3170_guided_scoring_cache
ApexOracle_main_Fig3a,BAA-3170,E. coli AR-0349,Guided,1,368,noise,30,28.125,4.813781261,baa3170_guided_scoring_cache
ApexOracle_main_Fig3a,BAA-3170,E. coli AR-0349,Guided,1,368,noise,31,10.75,3.426264763,baa3170_guided_scoring_cache
ApexOracle_main_Fig3a,BAA-3170,E. coli AR-0349,Guided,1,368,noise,32,89,6.47573328,baa3170_guided_scoring_cache
ApexOracle_main_Fig3a,BAA-3170,E. coli AR-0349,Guided,1,368,noise,33,12.625,3.65821147,baa3170_guided_scoring_cache
ApexOracle_main_Fig3a,BAA-3170,E. coli AR-0349,Guided,1,368,noise,34,322,8.330917358,baa3170_guided_scoring_cache
ApexOracle_main_Fig3a,BAA-3170,E. coli AR-0349,Guided,1,368,noise,35,364,8.50779438,baa3170_guided_scoring_cache
ApexOracle_main_Fig3a,BAA-3170,E. coli AR-0349,Guided,1,368,noise,36,8.5,3.087462902,baa3170_guided_scoring_cache
ApexOracle_main_Fig3a,BAA-3170,E. coli AR-0349,Guided,1,368,noise,37,310,8.276124001,baa3170_guided_scoring_cache
ApexOracle_main_Fig3a,BAA-3170,E. coli AR-0349,Guided,1,368,noise,38,14.6875,3.876517057,baa3170_guided_scoring_cache
ApexOracle_main_Fig3a,BAA-3170,E. coli AR-0349,Guided,1,368,noise,39,416,8.700439453,baa3170_guided_scoring_cache
ApexOracle_main_Fig3a,BAA-3170,E. coli AR-0349,Guided,1,368,noise,40,20.625,4.366322041,baa3170_guided_scoring_cache
ApexOracle_main_Fig3a,BAA-3170,E. coli AR-0349,Guided,1,368,noise,41,13.8125,3.787902594,baa3170_guided_scoring_cache
ApexOracle_main_Fig3a,BAA-3170,E. coli AR-0349,Guided,1,368,noise,42,27.75,4.794415951,baa3170_guided_scoring_cache
ApexOracle_main_Fig3a,BAA-3170,E. coli AR-0349,Guided,1,368,noise,43,7.125,2.832890034,baa3170_guided_scoring_cache
ApexOracle_main_Fig3a,BAA-3170,E. coli AR-0349,Guided,1,368,noise,44,45,5.491853237,baa3170_guided_scoring_cache
ApexOracle_main_Fig3a,BAA-3170,E. coli AR-0349,Guided,1,368,noise,45,9.4375,3.238404751,baa3170_guided_scoring_cache
ApexOracle_main_Fig3a,BAA-3170,E. coli AR-0349,Guided,1,368,noise,46,11.25,3.491852999,baa3170_guided_scoring_cache
ApexOracle_main_Fig3a,BAA-3170,E. coli AR-0349,Guided,1,368,noise,47,5.75,2.523561954,baa3170_guided_scoring_cache
ApexOracle_main_Fig3a,BAA-3170,E. coli AR-0349,Guided,1,368,noise,48,17,4.087462902,baa3170_guided_scoring_cache
ApexOracle_main_Fig3a,BAA-3170,E. coli AR-0349,Guided,1,368,noise,49,19.875,4.3128829,baa3170_guided_scoring_cache
ApexOracle_main_Fig3a,BAA-3170,E. coli AR-0349,Guided,1,368,noise,50,29.25,4.870364666,baa3170_guided_scoring_cache
ApexOracle_main_Fig3a,BAA-3170,E. coli AR-0349,Guided,1,368,noise,51,146,7.189824581,baa3170_guided_scoring_cache
ApexOracle_main_Fig3a,BAA-3170,E. coli AR-0349,Guided,1,368,noise,52,18.875,4.238404751,baa3170_guided_scoring_cache
ApexOracle_main_Fig3a,BAA-3170,E. coli AR-0349,Guided,1,368,noise,53,372,8.539158821,baa3170_guided_scoring_cache
ApexOracle_main_Fig3a,BAA-3170,E. coli AR-0349,Guided,1,368,noise,54,23.875,4.577428818,baa3170_guided_scoring_cache
ApexOracle_main_Fig3a,BAA-3170,E. coli AR-0349,Guided,1,368,noise,55,38,5.247927666,baa3170_guided_scoring_cache
ApexOracle_main_Fig3a,BAA-3170,E. coli AR-0349,Guided,1,368,noise,56,246,7.94251442,baa3170_guided_scoring_cache
ApexOracle_main_Fig3a,BAA-3170,E. coli AR-0349,Guided,1,368,noise,57,205,7.679480076,baa3170_guided_scoring_cache
ApexOracle_main_Fig3a,BAA-3170,E. coli AR-0349,Guided,1,368,noise,58,39,5.285402298,baa3170_guided_scoring_cache
ApexOracle_main_Fig3a,BAA-3170,E. coli AR-0349,Guided,1,368,noise,59,8.5625,3.098031998,baa3170_guided_scoring_cache
ApexOracle_main_Fig3a,BAA-3170,E. coli AR-0349,Guided,1,368,noise,60,45,5.491853237,baa3170_guided_scoring_cache
ApexOracle_main_Fig3a,BAA-3170,E. coli AR-0349,Guided,1,368,noise,61,37.75,5.238404751,baa3170_guided_scoring_cache
ApexOracle_main_Fig3a,BAA-3170,E. coli AR-0349,Guided,1,368,noise,62,79,6.303780556,baa3170_guided_scoring_cache
ApexOracle_main_Fig3a,BAA-3170,E. coli AR-0349,Guided,1,368,noise,63,122,6.930737495,baa3170_guided_scoring_cache
ApexOracle_main_Fig3a,BAA-3170,E. coli AR-0349,Guided,1,368,noise,64,316,8.303780556,baa3170_guided_scoring_cache
ApexOracle_main_Fig3a,BAA-3170,E. coli AR-0349,Guided,1,368,noise,65,90,6.491853237,baa3170_guided_scoring_cache
ApexOracle_main_Fig3a,BAA-3170,E. coli AR-0349,Guided,1,368,noise,66,198,7.629356861,baa3170_guided_scoring_cache
ApexOracle_main_Fig3a,BAA-3170,E. coli AR-0349,Guided,1,368,noise,67,19.625,4.294620514,baa3170_guided_scoring_cache
ApexOracle_main_Fig3a,BAA-3170,E. coli AR-0349,Guided,1,368,noise,68,195,7.607330322,baa3170_guided_scoring_cache
ApexOracle_main_Fig3a,BAA-3170,E. coli AR-0349,Guided,1,368,noise,69,13,3.700439692,baa3170_guided_scoring_cache
ApexOracle_main_Fig3a,BAA-3170,E. coli AR-0349,Guided,1,368,noise,70,17.875,4.159871101,baa3170_guided_scoring_cache
ApexOracle_main_Fig3a,BAA-3170,E. coli AR-0349,Guided,1,368,noise,71,42,5.392317295,baa3170_guided_scoring_cache
ApexOracle_main_Fig3a,BAA-3170,E. coli AR-0349,Guided,1,368,noise,72,300,8.228818893,baa3170_guided_scoring_cache
ApexOracle_main_Fig3a,BAA-3170,E. coli AR-0349,Guided,1,368,noise,73,255,7.994353294,baa3170_guided_scoring_cache
ApexOracle_main_Fig3a,BAA-3170,E. coli AR-0349,Guided,1,368,noise,74,8.9375,3.15987134,baa3170_guided_scoring_cache
ApexOracle_main_Fig3a,BAA-3170,E. coli AR-0349,Guided,1,368,noise,75,300,8.228818893,baa3170_guided_scoring_cache
ApexOracle_main_Fig3a,BAA-3170,E. coli AR-0349,Guided,1,368,noise,76,80,6.321928024,baa3170_guided_scoring_cache
ApexOracle_main_Fig3a,BAA-3170,E. coli AR-0349,Guided,1,368,noise,77,8.0625,3.011227369,baa3170_guided_scoring_cache
ApexOracle_main_Fig3a,BAA-3170,E. coli AR-0349,Guided,1,368,noise,78,198,7.629356861,baa3170_guided_scoring_cache
ApexOracle_main_Fig3a,BAA-3170,E. coli AR-0349,Guided,1,368,noise,79,300,8.228818893,baa3170_guided_scoring_cache
ApexOracle_main_Fig3a,BAA-3170,E. coli AR-0349,Guided,1,368,noise,80,146,7.189824581,baa3170_guided_scoring_cache
ApexOracle_main_Fig3a,BAA-3170,E. coli AR-0349,Guided,1,368,noise,81,7.25,2.857980967,baa3170_guided_scoring_cache
ApexOracle_main_Fig3a,BAA-3170,E. coli AR-0349,Guided,1,368,noise,82,18,4.169925213,baa3170_guided_scoring_cache
ApexOracle_main_Fig3a,BAA-3170,E. coli AR-0349,Guided,1,368,noise,83,478,8.900866508,baa3170_guided_scoring_cache
ApexOracle_main_Fig3a,BAA-3170,E. coli AR-0349,Guided,1,368,noise,84,52,5.70043993,baa3170_guided_scoring_cache
ApexOracle_main_Fig3a,BAA-3170,E. coli AR-0349,Guided,1,368,noise,85,23.75,4.56985569,baa3170_guided_scoring_cache
ApexOracle_main_Fig3a,BAA-3170,E. coli AR-0349,Guided,1,368,noise,86,87,6.442943573,baa3170_guided_scoring_cache
ApexOracle_main_Fig3a,BAA-3170,E. coli AR-0349,Guided,1,368,noise,87,9.5625,3.257387877,baa3170_guided_scoring_cache
ApexOracle_main_Fig3a,BAA-3170,E. coli AR-0349,Guided,1,368,noise,88,60.25,5.912889481,baa3170_guided_scoring_cache
ApexOracle_main_Fig3a,BAA-3170,E. coli AR-0349,Guided,1,368,noise,89,122,6.930737495,baa3170_guided_scoring_cache
ApexOracle_main_Fig3a,BAA-3170,E. coli AR-0349,Guided,1,368,noise,90,278,8.118941307,baa3170_guided_scoring_cache
ApexOracle_main_Fig3a,BAA-3170,E. coli AR-0349,Guided,1,368,noise,91,37,5.209453583,baa3170_guided_scoring_cache
ApexOracle_main_Fig3a,BAA-3170,E. coli AR-0349,Guided,1,368,noise,92,300,8.228818893,baa3170_guided_scoring_cache
ApexOracle_main_Fig3a,BAA-3170,E. coli AR-0349,Guided,1,368,noise,93,22.75,4.507794857,baa3170_guided_scoring_cache
ApexOracle_main_Fig3a,BAA-3170,E. coli AR-0349,Guided,1,368,noise,94,55.5,5.794415951,baa3170_guided_scoring_cache
ApexOracle_main_Fig3a,BAA-3170,E. coli AR-0349,Guided,1,368,noise,95,120,6.906890392,baa3170_guided_scoring_cache
ApexOracle_main_Fig3a,BAA-3170,E. coli AR-0349,Guided,1,368,noise,96,268,8.06608963,baa3170_guided_scoring_cache
ApexOracle_main_Fig3a,BAA-3170,E. coli AR-0349,Guided,1,368,noise,97,7.78125,2.960001945,baa3170_guided_scoring_cache
ApexOracle_main_Fig3a,BAA-3170,E. coli AR-0349,Guided,1,368,noise,98,97.5,6.607330322,baa3170_guided_scoring_cache
ApexOracle_main_Fig3a,BAA-3170,E. coli AR-0349,Guided,1,368,noise,99,2.4375,1.285402179,baa3170_guided_scoring_cache
ApexOracle_main_Fig3a,BAA-3170,E. coli AR-0349,Guided,1,368,noise,100,5.15625,2.366322279,baa3170_guided_scoring_cache
ApexOracle_main_Fig3a,BAA-3170,E. coli AR-0349,Guided,1,368,noise,101,23.125,4.531381607,baa3170_guided_scoring_cache
ApexOracle_main_Fig3a,BAA-3170,E. coli AR-0349,Guided,1,368,noise,102,49,5.614709854,baa3170_guided_scoring_cache
ApexOracle_main_Fig3a,BAA-3170,E. coli AR-0349,Guided,1,368,noise,103,3.109375,1.636624575,baa3170_guided_scoring_cache
ApexOracle_main_Fig3a,BAA-3170,E. coli AR-0349,Guided,1,368,noise,104,26.375,4.721099377,baa3170_guided_scoring_cache
ApexOracle_main_Fig3a,BAA-3170,E. coli AR-0349,Guided,1,368,noise,105,328,8.357551575,baa3170_guided_scoring_cache
ApexOracle_main_Fig3a,BAA-3170,E. coli AR-0349,Guided,1,368,noise,106,70.5,6.139551163,baa3170_guided_scoring_cache
ApexOracle_main_Fig3a,BAA-3170,E. coli AR-0349,Guided,1,368,noise,107,17.375,4.118941307,baa3170_guided_scoring_cache
ApexOracle_main_Fig3a,BAA-3170,E. coli AR-0349,Guided,1,368,noise,108,146,7.189824581,baa3170_guided_scoring_cache
ApexOracle_main_Fig3a,BAA-3170,E. coli AR-0349,Guided,1,368,noise,109,221,7.787902355,baa3170_guided_scoring_cache
ApexOracle_main_Fig3a,BAA-3170,E. coli AR-0349,Guided,1,368,noise,110,316,8.303780556,baa3170_guided_scoring_cache
ApexOracle_main_Fig3a,BAA-3170,E. coli AR-0349,Guided,1,368,noise,111,82,6.357552052,baa3170_guided_scoring_cache
ApexOracle_main_Fig3a,BAA-3170,E. coli AR-0349,Guided,1,368,noise,112,452,8.820178986,baa3170_guided_scoring_cache
ApexOracle_main_Fig3a,BAA-3170,E. coli AR-0349,Guided,1,368,noise,113,40,5.321928024,baa3170_guided_scoring_cache
ApexOracle_main_Fig3a,BAA-3170,E. coli AR-0349,Guided,1,368,noise,114,16.125,4.011227131,baa3170_guided_scoring_cache
ApexOracle_main_Fig3a,BAA-3170,E. coli AR-0349,Guided,1,368,noise,115,16.75,4.066089153,baa3170_guided_scoring_cache
ApexOracle_main_Fig3a,BAA-3170,E. coli AR-0349,Guided,1,368,noise,116,15.0625,3.912889242,baa3170_guided_scoring_cache
ApexOracle_main_Fig3a,BAA-3170,E. coli AR-0349,Guided,1,368,noise,117,28.25,4.820178986,baa3170_guided_scoring_cache
ApexOracle_main_Fig3a,BAA-3170,E. coli AR-0349,Guided,1,368,noise,118,294,8.199672699,baa3170_guided_scoring_cache
ApexOracle_main_Fig3a,BAA-3170,E. coli AR-0349,Guided,1,368,noise,119,5.65625,2.499845982,baa3170_guided_scoring_cache
ApexOracle_main_Fig3a,BAA-3170,E. coli AR-0349,Guided,1,368,noise,120,18.875,4.238404751,baa3170_guided_scoring_cache
ApexOracle_main_Fig3a,BAA-3170,E. coli AR-0349,Guided,1,368,noise,121,205,7.679480076,baa3170_guided_scoring_cache
ApexOracle_main_Fig3a,BAA-3170,E. coli AR-0349,Guided,1,368,noise,122,42,5.392317295,baa3170_guided_scoring_cache
ApexOracle_main_Fig3a,BAA-3170,E. coli AR-0349,Guided,1,368,noise,123,24.5,4.614709854,baa3170_guided_scoring_cache
ApexOracle_main_Fig3a,BAA-3170,E. coli AR-0349,Guided,1,368,noise,124,328,8.357551575,baa3170_guided_scoring_cache
ApexOracle_main_Fig3a,BAA-3170,E. coli AR-0349,Guided,1,368,noise,125,19.125,4.257387638,baa3170_guided_scoring_cache
ApexOracle_main_Fig3a,BAA-3170,E. coli AR-0349,Guided,1,368,noise,126,328,8.357551575,baa3170_guided_scoring_cache
ApexOracle_main_Fig3a,BAA-3170,E. coli AR-0349,Guided,1,368,noise,127,8.6875,3.118941069,baa3170_guided_scoring_cache
ApexOracle_main_Fig3a,BAA-3170,E. coli AR-0349,Guided,1,368,noise,128,15.75,3.977279902,baa3170_guided_scoring_cache
ApexOracle_main_Fig3a,BAA-3170,E. coli AR-0349,Guided,1,368,noise,129,27.25,4.768184185,baa3170_guided_scoring_cache
ApexOracle_main_Fig3a,BAA-3170,E. coli AR-0349,Guided,1,368,noise,130,33.75,5.076815605,baa3170_guided_scoring_cache
ApexOracle_main_Fig3a,BAA-3170,E. coli AR-0349,Guided,1,368,noise,131,45.5,5.507794857,baa3170_guided_scoring_cache
ApexOracle_main_Fig3a,BAA-3170,E. coli AR-0349,Guided,1,368,noise,132,25.125,4.651051521,baa3170_guided_scoring_cache
ApexOracle_main_Fig3a,BAA-3170,E. coli AR-0349,Guided,1,368,noise,133,17.375,4.118941307,baa3170_guided_scoring_cache
ApexOracle_main_Fig3a,BAA-3170,E. coli AR-0349,Guided,1,368,noise,134,71,6.149746895,baa3170_guided_scoring_cache
ApexOracle_main_Fig3a,BAA-3170,E. coli AR-0349,Guided,1,368,noise,135,268,8.06608963,baa3170_guided_scoring_cache
ApexOracle_main_Fig3a,BAA-3170,E. coli AR-0349,Guided,1,368,noise,136,126,6.97728014,baa3170_guided_scoring_cache
ApexOracle_main_Fig3a,BAA-3170,E. coli AR-0349,Guided,1,368,noise,137,16,4,baa3170_guided_scoring_cache
ApexOracle_main_Fig3a,BAA-3170,E. coli AR-0349,Guided,1,368,noise,138,52,5.70043993,baa3170_guided_scoring_cache
ApexOracle_main_Fig3a,BAA-3170,E. coli AR-0349,Guided,1,368,noise,139,113,6.820178986,baa3170_guided_scoring_cache
ApexOracle_main_Fig3a,BAA-3170,E. coli AR-0349,Guided,1,368,noise,140,44,5.459431648,baa3170_guided_scoring_cache
ApexOracle_main_Fig3a,BAA-3170,E. coli AR-0349,Guided,1,368,noise,141,24.875,4.636624813,baa3170_guided_scoring_cache
ApexOracle_main_Fig3a,BAA-3170,E. coli AR-0349,Guided,1,368,noise,142,13.375,3.741466999,baa3170_guided_scoring_cache
ApexOracle_main_Fig3a,BAA-3170,E. coli AR-0349,Guided,1,368,noise,143,129,7.011227131,baa3170_guided_scoring_cache
ApexOracle_main_Fig3a,BAA-3170,E. coli AR-0349,Guided,1,368,noise,144,22.375,4.48381567,baa3170_guided_scoring_cache
ApexOracle_main_Fig3a,BAA-3170,E. coli AR-0349,Guided,1,368,noise,145,143,7.159871101,baa3170_guided_scoring_cache
ApexOracle_main_Fig3a,BAA-3170,E. coli AR-0349,Guided,1,368,noise,146,21,4.392317295,baa3170_guided_scoring_cache
ApexOracle_main_Fig3a,BAA-3170,E. coli AR-0349,Guided,1,368,noise,147,25,4.643856049,baa3170_guided_scoring_cache
ApexOracle_main_Fig3a,BAA-3170,E. coli AR-0349,Guided,1,368,noise,148,29.25,4.870364666,baa3170_guided_scoring_cache
ApexOracle_main_Fig3a,BAA-3170,E. coli AR-0349,Guided,1,368,noise,149,21.25,4.409390926,baa3170_guided_scoring_cache
ApexOracle_main_Fig3a,BAA-3170,E. coli AR-0349,Guided,1,368,noise,150,7.8125,2.965784311,baa3170_guided_scoring_cache
ApexOracle_main_Fig3a,BAA-3170,E. coli AR-0349,Guided,1,368,noise,151,10.5,3.392317533,baa3170_guided_scoring_cache
ApexOracle_main_Fig3a,BAA-3170,E. coli AR-0349,Guided,1,368,noise,152,27.625,4.787902355,baa3170_guided_scoring_cache
ApexOracle_main_Fig3a,BAA-3170,E. coli AR-0349,Guided,1,368,noise,153,5.96875,2.577428818,baa3170_guided_scoring_cache
ApexOracle_main_Fig3a,BAA-3170,E. coli AR-0349,Guided,1,368,noise,154,25,4.643856049,baa3170_guided_scoring_cache
ApexOracle_main_Fig3a,BAA-3170,E. coli AR-0349,Guided,1,368,noise,155,6.75,2.754887581,baa3170_guided_scoring_cache
ApexOracle_main_Fig3a,BAA-3170,E. coli AR-0349,Guided,1,368,noise,156,12.875,3.686500549,baa3170_guided_scoring_cache
ApexOracle_main_Fig3a,BAA-3170,E. coli AR-0349,Guided,1,368,noise,157,165,7.366322041,baa3170_guided_scoring_cache
ApexOracle_main_Fig3a,BAA-3170,E. coli AR-0349,Guided,1,368,noise,158,19,4.247927666,baa3170_guided_scoring_cache
ApexOracle_main_Fig3a,BAA-3170,E. coli AR-0349,Guided,1,368,noise,159,24.5,4.614709854,baa3170_guided_scoring_cache
ApexOracle_main_Fig3a,BAA-3170,E. coli AR-0349,Guided,1,368,noise,160,3.515625,1.813781142,baa3170_guided_scoring_cache
ApexOracle_main_Fig3a,BAA-3170,E. coli AR-0349,Guided,1,368,noise,161,15.6875,3.97154355,baa3170_guided_scoring_cache
ApexOracle_main_Fig3a,BAA-3170,E. coli AR-0349,Guided,1,368,noise,162,47,5.554588795,baa3170_guided_scoring_cache
ApexOracle_main_Fig3a,BAA-3170,E. coli AR-0349,Guided,1,368,noise,163,84.5,6.400879383,baa3170_guided_scoring_cache
ApexOracle_main_Fig3a,BAA-3170,E. coli AR-0349,Guided,1,368,noise,164,129,7.011227131,baa3170_guided_scoring_cache
ApexOracle_main_Fig3a,BAA-3170,E. coli AR-0349,Guided,1,368,noise,165,30.75,4.94251442,baa3170_guided_scoring_cache
ApexOracle_main_Fig3a,BAA-3170,E. coli AR-0349,Guided,1,368,noise,166,47.5,5.56985569,baa3170_guided_scoring_cache
ApexOracle_main_Fig3a,BAA-3170,E. coli AR-0349,Guided,1,368,noise,167,11.75,3.554588795,baa3170_guided_scoring_cache
ApexOracle_main_Fig3a,BAA-3170,E. coli AR-0349,Guided,1,368,noise,168,138,7.108524323,baa3170_guided_scoring_cache
ApexOracle_main_Fig3a,BAA-3170,E. coli AR-0349,Guided,1,368,noise,169,48.75,5.607330322,baa3170_guided_scoring_cache
ApexOracle_main_Fig3a,BAA-3170,E. coli AR-0349,Guided,1,368,noise,170,60.25,5.912889481,baa3170_guided_scoring_cache
ApexOracle_main_Fig3a,BAA-3170,E. coli AR-0349,Guided,1,368,noise,171,27.375,4.774786949,baa3170_guided_scoring_cache
ApexOracle_main_Fig3a,BAA-3170,E. coli AR-0349,Guided,1,368,noise,172,284,8.149746895,baa3170_guided_scoring_cache
ApexOracle_main_Fig3a,BAA-3170,E. coli AR-0349,Guided,1,368,noise,173,14,3.807354927,baa3170_guided_scoring_cache
ApexOracle_main_Fig3a,BAA-3170,E. coli AR-0349,Guided,1,368,noise,174,82,6.357552052,baa3170_guided_scoring_cache
ApexOracle_main_Fig3a,BAA-3170,E. coli AR-0349,Guided,1,368,noise,175,131,7.033422947,baa3170_guided_scoring_cache
ApexOracle_main_Fig3a,BAA-3170,E. coli AR-0349,Guided,1,368,noise,176,107.5,6.748192787,baa3170_guided_scoring_cache
ApexOracle_main_Fig3a,BAA-3170,E. coli AR-0349,Guided,1,368,noise,177,115.5,6.851748943,baa3170_guided_scoring_cache
ApexOracle_main_Fig3a,BAA-3170,E. coli AR-0349,Guided,1,368,noise,178,27.25,4.768184185,baa3170_guided_scoring_cache
ApexOracle_main_Fig3a,BAA-3170,E. coli AR-0349,Guided,1,368,noise,179,278,8.118941307,baa3170_guided_scoring_cache
ApexOracle_main_Fig3a,BAA-3170,E. coli AR-0349,Guided,1,368,noise,180,20.25,4.339849949,baa3170_guided_scoring_cache
ApexOracle_main_Fig3a,BAA-3170,E. coli AR-0349,Guided,1,368,noise,181,5.0625,2.339849949,baa3170_guided_scoring_cache
ApexOracle_main_Fig3a,BAA-3170,E. coli AR-0349,Guided,1,368,noise,182,33.5,5.066089153,baa3170_guided_scoring_cache
ApexOracle_main_Fig3a,BAA-3170,E. coli AR-0349,Guided,1,368,noise,183,328,8.357551575,baa3170_guided_scoring_cache
ApexOracle_main_Fig3a,BAA-3170,E. coli AR-0349,Guided,1,368,noise,184,384,8.584962845,baa3170_guided_scoring_cache
ApexOracle_main_Fig3a,BAA-3170,E. coli AR-0349,Guided,1,368,noise,185,8.6875,3.118941069,baa3170_guided_scoring_cache
ApexOracle_main_Fig3a,BAA-3170,E. coli AR-0349,Guided,1,368,noise,186,73,6.189824581,baa3170_guided_scoring_cache
ApexOracle_main_Fig3a,BAA-3170,E. coli AR-0349,Guided,1,368,noise,187,229,7.839203835,baa3170_guided_scoring_cache
ApexOracle_main_Fig3a,BAA-3170,E. coli AR-0349,Unconditional,1000,368,noise,0,6.375,2.67242527,baa3170_unconditional_scoring_cache
ApexOracle_main_Fig3a,BAA-3170,E. coli AR-0349,Unconditional,1000,368,noise,1,97.5,6.607330322,baa3170_unconditional_scoring_cache
ApexOracle_main_Fig3a,BAA-3170,E. coli AR-0349,Unconditional,1000,368,noise,2,430,8.748192787,baa3170_unconditional_scoring_cache
ApexOracle_main_Fig3a,BAA-3170,E. coli AR-0349,Unconditional,1000,368,noise,3,416,8.700439453,baa3170_unconditional_scoring_cache
ApexOracle_main_Fig3a,BAA-3170,E. coli AR-0349,Unconditional,1000,368,noise,4,225,7.813781261,baa3170_unconditional_scoring_cache
ApexOracle_main_Fig3a,BAA-3170,E. coli AR-0349,Unconditional,1000,368,noise,5,115.5,6.851748943,baa3170_unconditional_scoring_cache
ApexOracle_main_Fig3a,BAA-3170,E. coli AR-0349,Unconditional,1000,368,noise,6,11.75,3.554588795,baa3170_unconditional_scoring_cache
ApexOracle_main_Fig3a,BAA-3170,E. coli AR-0349,Unconditional,1000,368,noise,7,20.25,4.339849949,baa3170_unconditional_scoring_cache
ApexOracle_main_Fig3a,BAA-3170,E. coli AR-0349,Unconditional,1000,368,noise,8,264,8.044394493,baa3170_unconditional_scoring_cache
ApexOracle_main_Fig3a,BAA-3170,E. coli AR-0349,Unconditional,1000,368,noise,9,104,6.70043993,baa3170_unconditional_scoring_cache
ApexOracle_main_Fig3a,BAA-3170,E. coli AR-0349,Unconditional,1000,368,noise,10,300,8.228818893,baa3170_unconditional_scoring_cache
ApexOracle_main_Fig3a,BAA-3170,E. coli AR-0349,Unconditional,1000,368,noise,11,225,7.813781261,baa3170_unconditional_scoring_cache
ApexOracle_main_Fig3a,BAA-3170,E. coli AR-0349,Unconditional,1000,368,noise,12,221,7.787902355,baa3170_unconditional_scoring_cache
ApexOracle_main_Fig3a,BAA-3170,E. coli AR-0349,Unconditional,1000,368,noise,13,328,8.357551575,baa3170_unconditional_scoring_cache
ApexOracle_main_Fig3a,BAA-3170,E. coli AR-0349,Unconditional,1000,368,noise,14,372,8.539158821,baa3170_unconditional_scoring_cache
ApexOracle_main_Fig3a,BAA-3170,E. coli AR-0349,Unconditional,1000,368,noise,15,232,7.857981205,baa3170_unconditional_scoring_cache
ApexOracle_main_Fig3a,BAA-3170,E. coli AR-0349,Unconditional,1000,368,noise,16,322,8.330917358,baa3170_unconditional_scoring_cache
ApexOracle_main_Fig3a,BAA-3170,E. coli AR-0349,Unconditional,1000,368,noise,17,470,8.876517296,baa3170_unconditional_scoring_cache
ApexOracle_main_Fig3a,BAA-3170,E. coli AR-0349,Unconditional,1000,368,noise,18,24.5,4.614709854,baa3170_unconditional_scoring_cache
ApexOracle_main_Fig3a,BAA-3170,E. coli AR-0349,Unconditional,1000,368,noise,19,109.5,6.774786949,baa3170_unconditional_scoring_cache
ApexOracle_main_Fig3a,BAA-3170,E. coli AR-0349,Unconditional,1000,368,noise,20,131,7.033422947,baa3170_unconditional_scoring_cache
ApexOracle_main_Fig3a,BAA-3170,E. coli AR-0349,Unconditional,1000,368,noise,21,80,6.321928024,baa3170_unconditional_scoring_cache
ApexOracle_main_Fig3a,BAA-3170,E. coli AR-0349,Unconditional,1000,368,noise,22,105.5,6.721099377,baa3170_unconditional_scoring_cache
ApexOracle_main_Fig3a,BAA-3170,E. coli AR-0349,Unconditional,1000,368,noise,23,268,8.06608963,baa3170_unconditional_scoring_cache
ApexOracle_main_Fig3a,BAA-3197,P. aeruginosa PA5257,Guided,1,232,noise,0,36.25,5.179909229,baa3197_guided_scoring_cache
ApexOracle_main_Fig3a,BAA-3197,P. aeruginosa PA5257,Guided,1,232,noise,1,57.25,5.839203835,baa3197_guided_scoring_cache
ApexOracle_main_Fig3a,BAA-3197,P. aeruginosa PA5257,Guided,1,232,noise,2,36,5.169925213,baa3197_guided_scoring_cache
ApexOracle_main_Fig3a,BAA-3197,P. aeruginosa PA5257,Guided,1,232,noise,3,27.25,4.768184185,baa3197_guided_scoring_cache
ApexOracle_main_Fig3a,BAA-3197,P. aeruginosa PA5257,Guided,1,232,noise,4,25.5,4.67242527,baa3197_guided_scoring_cache
ApexOracle_main_Fig3a,BAA-3197,P. aeruginosa PA5257,Guided,1,232,noise,5,552,9.108524323,baa3197_guided_scoring_cache
ApexOracle_main_Fig3a,BAA-3197,P. aeruginosa PA5257,Guided,1,232,noise,6,117.5,6.876516819,baa3197_guided_scoring_cache
ApexOracle_main_Fig3a,BAA-3197,P. aeruginosa PA5257,Guided,1,232,noise,7,59.5,5.894817829,baa3197_guided_scoring_cache
ApexOracle_main_Fig3a,BAA-3197,P. aeruginosa PA5257,Guided,1,232,noise,8,181,7.499845982,baa3197_guided_scoring_cache
ApexOracle_main_Fig3a,BAA-3197,P. aeruginosa PA5257,Guided,1,232,noise,9,344,8.426264763,baa3197_guided_scoring_cache
ApexOracle_main_Fig3a,BAA-3197,P. aeruginosa PA5257,Guided,1,232,noise,10,322,8.330917358,baa3197_guided_scoring_cache
ApexOracle_main_Fig3a,BAA-3197,P. aeruginosa PA5257,Guided,1,232,noise,11,111,6.794415951,baa3197_guided_scoring_cache
ApexOracle_main_Fig3a,BAA-3197,P. aeruginosa PA5257,Guided,1,232,noise,12,66.5,6.055282593,baa3197_guided_scoring_cache
ApexOracle_main_Fig3a,BAA-3197,P. aeruginosa PA5257,Guided,1,232,noise,13,4.3125,2.108524561,baa3197_guided_scoring_cache
ApexOracle_main_Fig3a,BAA-3197,P. aeruginosa PA5257,Guided,1,232,noise,14,175,7.451210976,baa3197_guided_scoring_cache
ApexOracle_main_Fig3a,BAA-3197,P. aeruginosa PA5257,Guided,1,232,noise,15,52.75,5.721099377,baa3197_guided_scoring_cache
ApexOracle_main_Fig3a,BAA-3197,P. aeruginosa PA5257,Guided,1,232,noise,16,13.25,3.727920532,baa3197_guided_scoring_cache
ApexOracle_main_Fig3a,BAA-3197,P. aeruginosa PA5257,Guided,1,232,noise,17,87,6.442943573,baa3197_guided_scoring_cache
ApexOracle_main_Fig3a,BAA-3197,P. aeruginosa PA5257,Guided,1,232,noise,18,18.125,4.179909229,baa3197_guided_scoring_cache
ApexOracle_main_Fig3a,BAA-3197,P. aeruginosa PA5257,Guided,1,232,noise,19,29.375,4.876516819,baa3197_guided_scoring_cache
ApexOracle_main_Fig3a,BAA-3197,P. aeruginosa PA5257,Guided,1,232,noise,20,154,7.266786575,baa3197_guided_scoring_cache
ApexOracle_main_Fig3a,BAA-3197,P. aeruginosa PA5257,Guided,1,232,noise,21,22.375,4.48381567,baa3197_guided_scoring_cache
ApexOracle_main_Fig3a,BAA-3197,P. aeruginosa PA5257,Guided,1,232,noise,22,85,6.409390926,baa3197_guided_scoring_cache
ApexOracle_main_Fig3a,BAA-3197,P. aeruginosa PA5257,Guided,1,232,noise,23,191,7.577428818,baa3197_guided_scoring_cache
ApexOracle_main_Fig3a,BAA-3197,P. aeruginosa PA5257,Guided,1,232,noise,24,37.5,5.228818893,baa3197_guided_scoring_cache
ApexOracle_main_Fig3a,BAA-3197,P. aeruginosa PA5257,Guided,1,232,noise,25,81,6.339849949,baa3197_guided_scoring_cache
ApexOracle_main_Fig3a,BAA-3197,P. aeruginosa PA5257,Guided,1,232,noise,26,89,6.47573328,baa3197_guided_scoring_cache
ApexOracle_main_Fig3a,BAA-3197,P. aeruginosa PA5257,Guided,1,232,noise,27,136,7.087462902,baa3197_guided_scoring_cache
ApexOracle_main_Fig3a,BAA-3197,P. aeruginosa PA5257,Guided,1,232,noise,28,54.75,5.774786949,baa3197_guided_scoring_cache
ApexOracle_main_Fig3a,BAA-3197,P. aeruginosa PA5257,Guided,1,232,noise,29,378,8.562242508,baa3197_guided_scoring_cache
ApexOracle_main_Fig3a,BAA-3197,P. aeruginosa PA5257,Guided,1,232,noise,30,126,6.97728014,baa3197_guided_scoring_cache
ApexOracle_main_Fig3a,BAA-3197,P. aeruginosa PA5257,Guided,1,232,noise,31,62.5,5.965784073,baa3197_guided_scoring_cache
ApexOracle_main_Fig3a,BAA-3197,P. aeruginosa PA5257,Guided,1,232,noise,32,91,6.507794857,baa3197_guided_scoring_cache
ApexOracle_main_Fig3a,BAA-3197,P. aeruginosa PA5257,Guided,1,232,noise,33,8.875,3.149747133,baa3197_guided_scoring_cache
ApexOracle_main_Fig3a,BAA-3197,P. aeruginosa PA5257,Guided,1,232,noise,34,107.5,6.748192787,baa3197_guided_scoring_cache
ApexOracle_main_Fig3a,BAA-3197,P. aeruginosa PA5257,Guided,1,232,noise,35,184,7.523561954,baa3197_guided_scoring_cache
ApexOracle_main_Fig3a,BAA-3197,P. aeruginosa PA5257,Guided,1,232,noise,36,104,6.70043993,baa3197_guided_scoring_cache
ApexOracle_main_Fig3a,BAA-3197,P. aeruginosa PA5257,Guided,1,232,noise,37,91,6.507794857,baa3197_guided_scoring_cache
ApexOracle_main_Fig3a,BAA-3197,P. aeruginosa PA5257,Guided,1,232,noise,38,18.625,4.219168663,baa3197_guided_scoring_cache
ApexOracle_main_Fig3a,BAA-3197,P. aeruginosa PA5257,Guided,1,232,noise,39,15.0625,3.912889242,baa3197_guided_scoring_cache
ApexOracle_main_Fig3a,BAA-3197,P. aeruginosa PA5257,Guided,1,232,noise,40,22.5,4.491853237,baa3197_guided_scoring_cache
ApexOracle_main_Fig3a,BAA-3197,P. aeruginosa PA5257,Guided,1,232,noise,41,43.5,5.442943573,baa3197_guided_scoring_cache
ApexOracle_main_Fig3a,BAA-3197,P. aeruginosa PA5257,Guided,1,232,noise,42,9.75,3.285402298,baa3197_guided_scoring_cache
ApexOracle_main_Fig3a,BAA-3197,P. aeruginosa PA5257,Guided,1,232,noise,43,124.5,6.960001945,baa3197_guided_scoring_cache
ApexOracle_main_Fig3a,BAA-3197,P. aeruginosa PA5257,Guided,1,232,noise,44,24.375,4.607330322,baa3197_guided_scoring_cache
ApexOracle_main_Fig3a,BAA-3197,P. aeruginosa PA5257,Guided,1,232,noise,45,16.875,4.076815605,baa3197_guided_scoring_cache
ApexOracle_main_Fig3a,BAA-3197,P. aeruginosa PA5257,Guided,1,232,noise,46,10.9375,3.451211214,baa3197_guided_scoring_cache
ApexOracle_main_Fig3a,BAA-3197,P. aeruginosa PA5257,Guided,1,232,noise,47,27.625,4.787902355,baa3197_guided_scoring_cache
ApexOracle_main_Fig3a,BAA-3197,P. aeruginosa PA5257,Guided,1,232,noise,48,15.3125,3.936637878,baa3197_guided_scoring_cache
ApexOracle_main_Fig3a,BAA-3197,P. aeruginosa PA5257,Guided,1,232,noise,49,229,7.839203835,baa3197_guided_scoring_cache
ApexOracle_main_Fig3a,BAA-3197,P. aeruginosa PA5257,Guided,1,232,noise,50,10.0625,3.330916882,baa3197_guided_scoring_cache
ApexOracle_main_Fig3a,BAA-3197,P. aeruginosa PA5257,Guided,1,232,noise,51,344,8.426264763,baa3197_guided_scoring_cache
ApexOracle_main_Fig3a,BAA-3197,P. aeruginosa PA5257,Guided,1,232,noise,52,146,7.189824581,baa3197_guided_scoring_cache
ApexOracle_main_Fig3a,BAA-3197,P. aeruginosa PA5257,Guided,1,232,noise,53,21.125,4.400879383,baa3197_guided_scoring_cache
ApexOracle_main_Fig3a,BAA-3197,P. aeruginosa PA5257,Guided,1,232,noise,54,78,6.285402298,baa3197_guided_scoring_cache
ApexOracle_main_Fig3a,BAA-3197,P. aeruginosa PA5257,Guided,1,232,noise,55,8.0625,3.011227369,baa3197_guided_scoring_cache
ApexOracle_main_Fig3a,BAA-3197,P. aeruginosa PA5257,Guided,1,232,noise,56,7.84375,2.97154355,baa3197_guided_scoring_cache
ApexOracle_main_Fig3a,BAA-3197,P. aeruginosa PA5257,Guided,1,232,noise,57,171,7.417852402,baa3197_guided_scoring_cache
ApexOracle_main_Fig3a,BAA-3197,P. aeruginosa PA5257,Guided,1,232,noise,58,31.25,4.965784073,baa3197_guided_scoring_cache
ApexOracle_main_Fig3a,BAA-3197,P. aeruginosa PA5257,Guided,1,232,noise,59,59.5,5.894817829,baa3197_guided_scoring_cache
ApexOracle_main_Fig3a,BAA-3197,P. aeruginosa PA5257,Guided,1,232,noise,60,90.5,6.499845982,baa3197_guided_scoring_cache
ApexOracle_main_Fig3a,BAA-3197,P. aeruginosa PA5257,Guided,1,232,noise,61,16,4,baa3197_guided_scoring_cache
ApexOracle_main_Fig3a,BAA-3197,P. aeruginosa PA5257,Guided,1,232,noise,62,13.75,3.781359673,baa3197_guided_scoring_cache
ApexOracle_main_Fig3a,BAA-3197,P. aeruginosa PA5257,Guided,1,232,noise,63,6.0625,2.599912882,baa3197_guided_scoring_cache
ApexOracle_main_Fig3a,BAA-3197,P. aeruginosa PA5257,Guided,1,232,noise,64,88,6.459431648,baa3197_guided_scoring_cache
ApexOracle_main_Fig3a,BAA-3197,P. aeruginosa PA5257,Guided,1,232,noise,65,55.5,5.794415951,baa3197_guided_scoring_cache
ApexOracle_main_Fig3a,BAA-3197,P. aeruginosa PA5257,Guided,1,232,noise,66,50,5.643856049,baa3197_guided_scoring_cache
ApexOracle_main_Fig3a,BAA-3197,P. aeruginosa PA5257,Guided,1,232,noise,67,212,7.727920532,baa3197_guided_scoring_cache
ApexOracle_main_Fig3a,BAA-3197,P. aeruginosa PA5257,Guided,1,232,noise,68,43.5,5.442943573,baa3197_guided_scoring_cache
ApexOracle_main_Fig3a,BAA-3197,P. aeruginosa PA5257,Guided,1,232,noise,69,41.5,5.375039577,baa3197_guided_scoring_cache
ApexOracle_main_Fig3a,BAA-3197,P. aeruginosa PA5257,Guided,1,232,noise,70,31.375,4.971543789,baa3197_guided_scoring_cache
ApexOracle_main_Fig3a,BAA-3197,P. aeruginosa PA5257,Guided,1,232,noise,71,250,7.965784073,baa3197_guided_scoring_cache
ApexOracle_main_Fig3a,BAA-3197,P. aeruginosa PA5257,Guided,1,232,noise,72,82.5,6.366322041,baa3197_guided_scoring_cache
ApexOracle_main_Fig3a,BAA-3197,P. aeruginosa PA5257,Guided,1,232,noise,73,89,6.47573328,baa3197_guided_scoring_cache
ApexOracle_main_Fig3a,BAA-3197,P. aeruginosa PA5257,Guided,1,232,noise,74,100,6.643856049,baa3197_guided_scoring_cache
ApexOracle_main_Fig3a,BAA-3197,P. aeruginosa PA5257,Guided,1,232,noise,75,31.375,4.971543789,baa3197_guided_scoring_cache
ApexOracle_main_Fig3a,BAA-3197,P. aeruginosa PA5257,Guided,1,232,noise,76,169,7.400879383,baa3197_guided_scoring_cache
ApexOracle_main_Fig3a,BAA-3197,P. aeruginosa PA5257,Guided,1,232,noise,77,30.25,4.918863297,baa3197_guided_scoring_cache
ApexOracle_main_Fig3a,BAA-3197,P. aeruginosa PA5257,Guided,1,232,noise,78,268,8.06608963,baa3197_guided_scoring_cache
ApexOracle_main_Fig3a,BAA-3197,P. aeruginosa PA5257,Guided,1,232,noise,79,18.625,4.219168663,baa3197_guided_scoring_cache
ApexOracle_main_Fig3a,BAA-3197,P. aeruginosa PA5257,Guided,1,232,noise,80,53,5.727920532,baa3197_guided_scoring_cache
ApexOracle_main_Fig3a,BAA-3197,P. aeruginosa PA5257,Guided,1,232,noise,81,250,7.965784073,baa3197_guided_scoring_cache
ApexOracle_main_Fig3a,BAA-3197,P. aeruginosa PA5257,Guided,1,232,noise,82,117.5,6.876516819,baa3197_guided_scoring_cache
ApexOracle_main_Fig3a,BAA-3197,P. aeruginosa PA5257,Guided,1,232,noise,83,120,6.906890392,baa3197_guided_scoring_cache
ApexOracle_main_Fig3a,BAA-3197,P. aeruginosa PA5257,Guided,1,232,noise,84,6.0625,2.599912882,baa3197_guided_scoring_cache
ApexOracle_main_Fig3a,BAA-3197,P. aeruginosa PA5257,Guided,1,232,noise,85,55.5,5.794415951,baa3197_guided_scoring_cache
ApexOracle_main_Fig3a,BAA-3197,P. aeruginosa PA5257,Guided,1,232,noise,86,278,8.118941307,baa3197_guided_scoring_cache
ApexOracle_main_Fig3a,BAA-3197,P. aeruginosa PA5257,Guided,1,232,noise,87,205,7.679480076,baa3197_guided_scoring_cache
ApexOracle_main_Fig3a,BAA-3197,P. aeruginosa PA5257,Guided,1,232,noise,88,49.75,5.636624813,baa3197_guided_scoring_cache
ApexOracle_main_Fig3a,BAA-3197,P. aeruginosa PA5257,Guided,1,232,noise,89,7.9375,2.988684654,baa3197_guided_scoring_cache
ApexOracle_main_Fig3a,BAA-3197,P. aeruginosa PA5257,Guided,1,232,noise,90,89,6.47573328,baa3197_guided_scoring_cache
ApexOracle_main_Fig3a,BAA-3197,P. aeruginosa PA5257,Guided,1,232,noise,91,8.25,3.044394016,baa3197_guided_scoring_cache
ApexOracle_main_Fig3a,BAA-3197,P. aeruginosa PA5257,Guided,1,232,noise,92,75.5,6.238404751,baa3197_guided_scoring_cache
ApexOracle_main_Fig3a,BAA-3197,P. aeruginosa PA5257,Guided,1,232,noise,93,304,8.247927666,baa3197_guided_scoring_cache
ApexOracle_main_Fig3a,BAA-3197,P. aeruginosa PA5257,Guided,1,232,noise,94,105.5,6.721099377,baa3197_guided_scoring_cache
ApexOracle_main_Fig3a,BAA-3197,P. aeruginosa PA5257,Guided,1,232,noise,95,31.5,4.97728014,baa3197_guided_scoring_cache
ApexOracle_main_Fig3a,BAA-3197,P. aeruginosa PA5257,Guided,1,232,noise,96,250,7.965784073,baa3197_guided_scoring_cache
ApexOracle_main_Fig3a,BAA-3197,P. aeruginosa PA5257,Guided,1,232,noise,97,221,7.787902355,baa3197_guided_scoring_cache
ApexOracle_main_Fig3a,BAA-3197,P. aeruginosa PA5257,Guided,1,232,noise,98,68,6.087462902,baa3197_guided_scoring_cache
ApexOracle_main_Fig3a,BAA-3197,P. aeruginosa PA5257,Guided,1,232,noise,99,85,6.409390926,baa3197_guided_scoring_cache
ApexOracle_main_Fig3a,BAA-3197,P. aeruginosa PA5257,Guided,1,232,noise,100,7.125,2.832890034,baa3197_guided_scoring_cache
ApexOracle_main_Fig3a,BAA-3197,P. aeruginosa PA5257,Guided,1,232,noise,101,36.25,5.179909229,baa3197_guided_scoring_cache
ApexOracle_main_Fig3a,BAA-3197,P. aeruginosa PA5257,Guided,1,232,noise,102,71,6.149746895,baa3197_guided_scoring_cache
ApexOracle_main_Fig3a,BAA-3197,P. aeruginosa PA5257,Guided,1,232,noise,103,14.6875,3.876517057,baa3197_guided_scoring_cache
ApexOracle_main_Fig3a,BAA-3197,P. aeruginosa PA5257,Guided,1,232,noise,104,80.5,6.330916882,baa3197_guided_scoring_cache
ApexOracle_main_Fig3a,BAA-3197,P. aeruginosa PA5257,Guided,1,232,noise,105,49.75,5.636624813,baa3197_guided_scoring_cache
ApexOracle_main_Fig3a,BAA-3197,P. aeruginosa PA5257,Unconditional,1000,232,noise,0,21.375,4.417852402,baa3197_unconditional_scoring_cache
ApexOracle_main_Fig3a,BAA-3197,P. aeruginosa PA5257,Unconditional,1000,232,noise,1,544,9.087462425,baa3197_unconditional_scoring_cache
ApexOracle_main_Fig3a,BAA-3197,P. aeruginosa PA5257,Unconditional,1000,232,noise,2,11.3125,3.499845982,baa3197_unconditional_scoring_cache
ApexOracle_main_Fig3a,BAA-3197,P. aeruginosa PA5257,Unconditional,1000,232,noise,3,96,6.584962368,baa3197_unconditional_scoring_cache
ApexOracle_main_Fig3a,BAA-3197,P. aeruginosa PA5257,Unconditional,1000,232,noise,4,65.5,6.033422947,baa3197_unconditional_scoring_cache
ApexOracle_main_Fig3a,BAA-3197,P. aeruginosa PA5257,Unconditional,1000,232,noise,5,41.5,5.375039577,baa3197_unconditional_scoring_cache
ApexOracle_main_Fig3a,BAA-3197,P. aeruginosa PA5257,Unconditional,1000,232,noise,6,133,7.055282593,baa3197_unconditional_scoring_cache
ApexOracle_main_Fig3a,BAA-3197,P. aeruginosa PA5257,Unconditional,1000,232,noise,7,143,7.159871101,baa3197_unconditional_scoring_cache
ApexOracle_main_Fig3a,BAA-3197,P. aeruginosa PA5257,Unconditional,1000,232,noise,8,82.5,6.366322041,baa3197_unconditional_scoring_cache
ApexOracle_main_Fig3a,BAA-3197,P. aeruginosa PA5257,Unconditional,1000,232,noise,9,26.125,4.707359314,baa3197_unconditional_scoring_cache
ApexOracle_main_Fig3a,BAA-3197,P. aeruginosa PA5257,Unconditional,1000,232,noise,10,50.5,5.658211708,baa3197_unconditional_scoring_cache
ApexOracle_main_Fig3a,BAA-3197,P. aeruginosa PA5257,Unconditional,1000,232,noise,11,171,7.417852402,baa3197_unconditional_scoring_cache
ApexOracle_main_Fig3a,BAA-3197,P. aeruginosa PA5257,Unconditional,1000,232,noise,12,195,7.607330322,baa3197_unconditional_scoring_cache
ApexOracle_main_Fig3a,BAA-3197,P. aeruginosa PA5257,Unconditional,1000,232,noise,13,564,9.139551163,baa3197_unconditional_scoring_cache
ApexOracle_main_Fig3a,BAA-3197,P. aeruginosa PA5257,Unconditional,1000,232,noise,14,31.375,4.971543789,baa3197_unconditional_scoring_cache
ApexOracle_main_Fig3a,BAA-3197,P. aeruginosa PA5257,Unconditional,1000,232,noise,15,98,6.614709854,baa3197_unconditional_scoring_cache
ApexOracle_main_Fig3a,BAA-3197,P. aeruginosa PA5257,Unconditional,1000,232,noise,16,143,7.159871101,baa3197_unconditional_scoring_cache
ApexOracle_main_Fig3a,BAA-3197,P. aeruginosa PA5257,Unconditional,1000,232,noise,17,169,7.400879383,baa3197_unconditional_scoring_cache
ApexOracle_main_Fig3a,BAA-3197,P. aeruginosa PA5257,Unconditional,1000,232,noise,18,109.5,6.774786949,baa3197_unconditional_scoring_cache
ApexOracle_main_Fig3a,BAA-3197,P. aeruginosa PA5257,Unconditional,1000,232,noise,19,120,6.906890392,baa3197_unconditional_scoring_cache
ApexOracle_main_Fig3a,BAA-3197,P. aeruginosa PA5257,Unconditional,1000,232,noise,20,107.5,6.748192787,baa3197_unconditional_scoring_cache
ApexOracle_main_Fig3a,BAA-3197,P. aeruginosa PA5257,Unconditional,1000,232,noise,21,55.5,5.794415951,baa3197_unconditional_scoring_cache
ApexOracle_main_Fig3a,BAA-3197,P. aeruginosa PA5257,Unconditional,1000,232,noise,22,184,7.523561954,baa3197_unconditional_scoring_cache
ApexOracle_main_Fig3a,BAA-3197,P. aeruginosa PA5257,Unconditional,1000,232,noise,23,18.125,4.179909229,baa3197_unconditional_scoring_cache
ApexOracle_main_Fig3a,BAA-3197,P. aeruginosa PA5257,Unconditional,1000,232,noise,24,212,7.727920532,baa3197_unconditional_scoring_cache
ApexOracle_main_Fig3a,BAA-3197,P. aeruginosa PA5257,Unconditional,1000,232,noise,25,191,7.577428818,baa3197_unconditional_scoring_cache
ApexOracle_main_Fig3a,BAA-3197,P. aeruginosa PA5257,Unconditional,1000,232,noise,26,87,6.442943573,baa3197_unconditional_scoring_cache
ApexOracle_main_Fig3a,BAA-3197,P. aeruginosa PA5257,Unconditional,1000,232,noise,27,129,7.011227131,baa3197_unconditional_scoring_cache
ApexOracle_main_Fig3a,BAA-3197,P. aeruginosa PA5257,Unconditional,1000,232,noise,28,154,7.266786575,baa3197_unconditional_scoring_cache
ApexOracle_main_Fig3a,BAA-3197,P. aeruginosa PA5257,Unconditional,1000,232,noise,29,169,7.400879383,baa3197_unconditional_scoring_cache
ApexOracle_main_Fig3a,BAA-3197,P. aeruginosa PA5257,Unconditional,1000,232,noise,30,29.375,4.876516819,baa3197_unconditional_scoring_cache
ApexOracle_main_Fig3a,BAA-3197,P. aeruginosa PA5257,Unconditional,1000,232,noise,31,75,6.228818893,baa3197_unconditional_scoring_cache
ApexOracle_main_Fig3a,BAA-3197,P. aeruginosa PA5257,Unconditional,1000,232,noise,32,98,6.614709854,baa3197_unconditional_scoring_cache
ApexOracle_main_Fig3a,BAA-3197,P. aeruginosa PA5257,Unconditional,1000,232,noise,33,67,6.066089153,baa3197_unconditional_scoring_cache
ApexOracle_main_Fig3a,BAA-3197,P. aeruginosa PA5257,Unconditional,1000,232,noise,34,84,6.392317295,baa3197_unconditional_scoring_cache
ApexOracle_main_Fig3a,BAA-3197,P. aeruginosa PA5257,Unconditional,1000,232,noise,35,45.25,5.499845982,baa3197_unconditional_scoring_cache
ApexOracle_main_Fig3a,BAA-3197,P. aeruginosa PA5257,Unconditional,1000,232,noise,36,564,9.139551163,baa3197_unconditional_scoring_cache
ApexOracle_main_Fig3a,BAA-3197,P. aeruginosa PA5257,Unconditional,1000,232,noise,37,11.125,3.475733519,baa3197_unconditional_scoring_cache
ApexOracle_main_Fig3a,BAA-3197,P. aeruginosa PA5257,Unconditional,1000,232,noise,38,23.125,4.531381607,baa3197_unconditional_scoring_cache
ApexOracle_main_Fig3a,BAA-3197,P. aeruginosa PA5257,Unconditional,1000,232,noise,39,188,7.554588795,baa3197_unconditional_scoring_cache
ApexOracle_main_Fig3a,BAA-3197,P. aeruginosa PA5257,Unconditional,1000,232,noise,40,212,7.727920532,baa3197_unconditional_scoring_cache
ApexOracle_main_Fig3a,BAA-3197,P. aeruginosa PA5257,Unconditional,1000,232,noise,41,104,6.70043993,baa3197_unconditional_scoring_cache
ApexOracle_main_Fig3a,BAA-3197,P. aeruginosa PA5257,Unconditional,1000,232,noise,42,17.875,4.159871101,baa3197_unconditional_scoring_cache
ApexOracle_main_Fig3a,BAA-3197,P. aeruginosa PA5257,Unconditional,1000,232,noise,43,30.5,4.930737495,baa3197_unconditional_scoring_cache
ApexOracle_main_Fig3a,BAA-3197,P. aeruginosa PA5257,Unconditional,1000,232,noise,44,300,8.228818893,baa3197_unconditional_scoring_cache
ApexOracle_main_Fig3a,BAA-3197,P. aeruginosa PA5257,Unconditional,1000,232,noise,45,26.25,4.714245319,baa3197_unconditional_scoring_cache
ApexOracle_main_Fig3a,BAA-3197,P. aeruginosa PA5257,Unconditional,1000,232,noise,46,384,8.584962845,baa3197_unconditional_scoring_cache
ApexOracle_main_Fig3a,BAA-3197,P. aeruginosa PA5257,Unconditional,1000,232,noise,47,149,7.219168663,baa3197_unconditional_scoring_cache
ApexOracle_main_Fig3a,BAA-3197,P. aeruginosa PA5257,Unconditional,1000,232,noise,48,157,7.294620514,baa3197_unconditional_scoring_cache
ApexOracle_main_Fig3a,BAA-3197,P. aeruginosa PA5257,Unconditional,1000,232,noise,49,294,8.199672699,baa3197_unconditional_scoring_cache
ApexOracle_main_Fig3a,BAA-3197,P. aeruginosa PA5257,Unconditional,1000,232,noise,50,19.5,4.285402298,baa3197_unconditional_scoring_cache
ApexOracle_main_Fig3a,BAA-3197,P. aeruginosa PA5257,Unconditional,1000,232,noise,51,162,7.339849949,baa3197_unconditional_scoring_cache
ApexOracle_main_Fig3a,BAA-3197,P. aeruginosa PA5257,Unconditional,1000,232,noise,52,42.5,5.409390926,baa3197_unconditional_scoring_cache
ApexOracle_main_Fig3a,BAA-3197,P. aeruginosa PA5257,Unconditional,1000,232,noise,53,47.75,5.577428818,baa3197_unconditional_scoring_cache
ApexOracle_main_Fig3a,BAA-3197,P. aeruginosa PA5257,Unconditional,1000,232,noise,54,107.5,6.748192787,baa3197_unconditional_scoring_cache
ApexOracle_main_Fig3a,BAA-3197,P. aeruginosa PA5257,Unconditional,1000,232,noise,55,50.5,5.658211708,baa3197_unconditional_scoring_cache
ApexOracle_main_Fig3a,BAA-3197,P. aeruginosa PA5257,Unconditional,1000,232,noise,56,95,6.56985569,baa3197_unconditional_scoring_cache
ApexOracle_main_Fig3a,BAA-3197,P. aeruginosa PA5257,Unconditional,1000,232,noise,57,23.125,4.531381607,baa3197_unconditional_scoring_cache
ApexOracle_main_Fig3a,BAA-3197,P. aeruginosa PA5257,Unconditional,1000,232,noise,58,141,7.139551163,baa3197_unconditional_scoring_cache
